{
  "materials": [
    {
      "item": {
        "tag": "forge:ingots/iron"
      },
      "count": 48
    },
    {
      "item": {
        "tag": "forge:ingots/copper"
      },
      "count": 16
    },
    {
      "item": {
        "item": "minecraft:blue_dye"
      },
      "count": 16
    },
    {
      "item": {
        "tag": "minecraft:planks"
      },
      "count": 16
    },
    {
      "item": {
        "item": "minecraft:diamond"
      },
      "count": 1
    }
  ],
  "result": {
    "type": "gun",
    "id": "biteforce:biteforce"
  },
  "type": "tacz:gun_smith_table_crafting"
}