{
	"format_version": "1.12.0",
	"minecraft:geometry": [
		{
			"description": {
				"identifier": "geometry.unknown",
				"texture_width": 128,
				"texture_height": 128,
				"visible_bounds_width": 4,
				"visible_bounds_height": 2.5,
				"visible_bounds_offset": [0, 0.75, 0]
			},
			"bones": [
				{
					"name": "root",
					"pivot": [0, 2, 0]
				},
				{
					"name": "lefthand_pos",
					"parent": "root",
					"pivot": [0, 0, 0],
					"cubes": [
						{
							"origin": [-8, 0, -2],
							"size": [4, 12, 4],
							"uv": {
								"north": {"uv": [0, 0], "uv_size": [4, 12]},
								"east": {"uv": [0, 0], "uv_size": [4, 12]},
								"south": {"uv": [0, 0], "uv_size": [4, 12]},
								"west": {"uv": [0, 0], "uv_size": [4, 12]},
								"up": {"uv": [4, 4], "uv_size": [-4, -4]},
								"down": {"uv": [4, 4], "uv_size": [-4, -4]}
							}
						}
					]
				},
				{
					"name": "righthand_pos",
					"parent": "root",
					"pivot": [0, 0, 0],
					"cubes": [
						{
							"origin": [4, 0, -2],
							"size": [4, 12, 4],
							"uv": {
								"north": {"uv": [0, 0], "uv_size": [4, 12]},
								"east": {"uv": [0, 0], "uv_size": [4, 12]},
								"south": {"uv": [0, 0], "uv_size": [4, 12]},
								"west": {"uv": [0, 0], "uv_size": [4, 12]},
								"up": {"uv": [4, 4], "uv_size": [-4, -4]},
								"down": {"uv": [4, 4], "uv_size": [-4, -4]}
							}
						}
					]
				},
				{
					"name": "body",
					"parent": "root",
					"pivot": [0, 2, 0],
					"cubes": [
						{
							"origin": [-1, 4, -5],
							"size": [2, 1, 13],
							"uv": {
								"north": {"uv": [55, 0], "uv_size": [2, 1]},
								"east": {"uv": [18, 0], "uv_size": [13, 1]},
								"south": {"uv": [55, 39], "uv_size": [2, 1]},
								"west": {"uv": [18, 2], "uv_size": [13, 1]},
								"up": {"uv": [0, 8], "uv_size": [2, 13]},
								"down": {"uv": [3, 21], "uv_size": [2, -13]}
							}
						},
						{
							"origin": [-1, 2, -5],
							"size": [2, 1, 13],
							"uv": {
								"north": {"uv": [9, 56], "uv_size": [2, 1]},
								"east": {"uv": [22, 12], "uv_size": [13, 1]},
								"south": {"uv": [56, 13], "uv_size": [2, 1]},
								"west": {"uv": [22, 14], "uv_size": [13, 1]},
								"up": {"uv": [6, 8], "uv_size": [2, 13]},
								"down": {"uv": [9, 21], "uv_size": [2, -13]}
							}
						},
						{
							"origin": [-0.95, 3, -5],
							"size": [1.9, 1, 5],
							"uv": {
								"north": {"uv": [15, 56], "uv_size": [2, 1]},
								"east": {"uv": [41, 22], "uv_size": [5, 1]},
								"south": {"uv": [56, 19], "uv_size": [2, 1]},
								"west": {"uv": [41, 24], "uv_size": [5, 1]},
								"up": {"uv": [23, 26], "uv_size": [2, 5]},
								"down": {"uv": [26, 31], "uv_size": [2, -5]}
							}
						},
						{
							"origin": [-0.8, 3, 0],
							"size": [1.6, 1, 3],
							"uv": {
								"north": {"uv": [55, 59], "uv_size": [1.5, 1]},
								"east": {"uv": [51, 43], "uv_size": [3, 1]},
								"south": {"uv": [59, 57], "uv_size": [1.5, 1]},
								"west": {"uv": [52, 14], "uv_size": [3, 1]},
								"up": {"uv": [35, 43], "uv_size": [1.5, 3]},
								"down": {"uv": [43, 40], "uv_size": [1.5, -3]}
							}
						},
						{
							"origin": [-0.95, 3, 3],
							"size": [1.9, 1, 5],
							"uv": {
								"north": {"uv": [21, 56], "uv_size": [2, 1]},
								"east": {"uv": [42, 0], "uv_size": [5, 1]},
								"south": {"uv": [56, 21], "uv_size": [2, 1]},
								"west": {"uv": [4, 42], "uv_size": [5, 1]},
								"up": {"uv": [29, 26], "uv_size": [2, 5]},
								"down": {"uv": [17, 35], "uv_size": [2, -5]}
							}
						},
						{
							"origin": [-1.1, 1.85, 8],
							"size": [2.2, 3.2, 0.75],
							"uv": {
								"north": {"uv": [16, 36], "uv_size": [2.25, 3.25]},
								"east": {"uv": [54, 26], "uv_size": [0.75, 3.25]},
								"south": {"uv": [25, 36], "uv_size": [2.25, 3.25]},
								"west": {"uv": [31, 54], "uv_size": [0.75, 3.25]},
								"up": {"uv": [8, 58], "uv_size": [2.25, 0.75]},
								"down": {"uv": [15, 58.75], "uv_size": [2.25, -0.75]}
							}
						},
						{
							"origin": [-0.9, 3.25, 8.75],
							"size": [1.8, 1.8, 1.3],
							"uv": {
								"north": {"uv": [48, 17], "uv_size": [1.75, 1.75]},
								"east": {"uv": [28, 55], "uv_size": [1.25, 1.75]},
								"south": {"uv": [49, 5], "uv_size": [1.75, 1.75]},
								"west": {"uv": [35, 55], "uv_size": [1.25, 1.75]},
								"up": {"uv": [55, 36], "uv_size": [1.75, 1.25]},
								"down": {"uv": [38, 56.25], "uv_size": [1.75, -1.25]}
							}
						},
						{
							"origin": [-0.9, 4.25, 10],
							"size": [1.8, 0.8, 5.3],
							"uv": {
								"north": {"uv": [4, 60], "uv_size": [1.75, 0.75]},
								"east": {"uv": [44, 43], "uv_size": [5.25, 0.75]},
								"south": {"uv": [7, 60], "uv_size": [1.75, 0.75]},
								"west": {"uv": [45, 15], "uv_size": [5.25, 0.75]},
								"up": {"uv": [4, 31], "uv_size": [1.75, 5.25]},
								"down": {"uv": [7, 36.25], "uv_size": [1.75, -5.25]}
							}
						},
						{
							"origin": [-0.9, 3.25, 15.25],
							"size": [1.8, 1.8, 0.3],
							"uv": {
								"north": {"uv": [49, 8], "uv_size": [1.75, 1.75]},
								"east": {"uv": [16, 66], "uv_size": [0.25, 1.75]},
								"south": {"uv": [21, 49], "uv_size": [1.75, 1.75]},
								"west": {"uv": [18, 66], "uv_size": [0.25, 1.75]},
								"up": {"uv": [66, 13], "uv_size": [1.75, 0.25]},
								"down": {"uv": [66, 19.25], "uv_size": [1.75, -0.25]}
							}
						},
						{
							"origin": [-0.8, -0.75, 14.25],
							"size": [1.6, 5.05, 1.05],
							"uv": {
								"north": {"uv": [34, 6], "uv_size": [1.5, 5]},
								"east": {"uv": [10, 0], "uv_size": [1, 5]},
								"south": {"uv": [35, 33], "uv_size": [1.5, 5]},
								"west": {"uv": [41, 37], "uv_size": [1, 5]},
								"up": {"uv": [43, 59], "uv_size": [1.5, 1]},
								"down": {"uv": [46, 60], "uv_size": [1.5, -1]}
							}
						},
						{
							"origin": [-0.9, -1.35, 14.85],
							"size": [1.8, 1.05, 1.08],
							"pivot": [1, 1.9, 14.25],
							"rotation": [-15, 0, 0],
							"uv": {
								"north": {"uv": [56, 26], "uv_size": [1.75, 1]},
								"east": {"uv": [62, 31], "uv_size": [1, 1]},
								"south": {"uv": [56, 28], "uv_size": [1.75, 1]},
								"west": {"uv": [33, 62], "uv_size": [1, 1]},
								"up": {"uv": [56, 30], "uv_size": [1.75, 1]},
								"down": {"uv": [56, 33], "uv_size": [1.75, -1]}
							}
						},
						{
							"origin": [-0.5, -2.35, 6.35],
							"size": [1, 0.55, 8],
							"pivot": [1, 0.9, 12.25],
							"rotation": [15, 0, 0],
							"uv": {
								"north": {"uv": [64, 50], "uv_size": [1, 0.5]},
								"east": {"uv": [42, 30], "uv_size": [8, 0.5]},
								"south": {"uv": [52, 64], "uv_size": [1, 0.5]},
								"west": {"uv": [43, 41], "uv_size": [8, 0.5]},
								"up": {"uv": [12, 34], "uv_size": [1, 8]},
								"down": {"uv": [20, 42], "uv_size": [1, -8]}
							}
						},
						{
							"origin": [-0.38, 3.25, 10],
							"size": [0.76, 0.5, 1.15],
							"pivot": [0, 4.25, 9.5],
							"rotation": [2, 0, 0],
							"uv": {
								"north": {"uv": [67, 2], "uv_size": [0.75, 0.5]},
								"east": {"uv": [33, 64], "uv_size": [1.25, 0.5]},
								"south": {"uv": [9, 67], "uv_size": [0.75, 0.5]},
								"west": {"uv": [64, 34], "uv_size": [1.25, 0.5]},
								"up": {"uv": [63, 10], "uv_size": [0.75, 1.25]},
								"down": {"uv": [25, 64.25], "uv_size": [0.75, -1.25]}
							}
						},
						{
							"origin": [-0.4, 4.9, 9.85],
							"size": [0.8, 0.55, 3.25],
							"pivot": [1, 8.15, 15.75],
							"rotation": [17.5, 0, 0],
							"uv": {
								"north": {"uv": [66, 63], "uv_size": [0.75, 0.5]},
								"east": {"uv": [35, 58], "uv_size": [3.25, 0.5]},
								"south": {"uv": [66, 65], "uv_size": [0.75, 0.5]},
								"west": {"uv": [58, 44], "uv_size": [3.25, 0.5]},
								"up": {"uv": [33, 54], "uv_size": [0.75, 3.25]},
								"down": {"uv": [49, 57.25], "uv_size": [0.75, -3.25]}
							}
						},
						{
							"origin": [-0.9, 9.1, 8],
							"size": [1.8, 1.95, 2.75],
							"pivot": [0, 8, 1],
							"rotation": [-45, 0, 0],
							"uv": {
								"north": {"uv": [0, 45], "uv_size": [1.75, 2]},
								"east": {"uv": [38, 26], "uv_size": [2.75, 2]},
								"south": {"uv": [16, 45], "uv_size": [1.75, 2]},
								"west": {"uv": [38, 29], "uv_size": [2.75, 2]},
								"up": {"uv": [22, 42], "uv_size": [1.75, 2.75]},
								"down": {"uv": [42, 28.75], "uv_size": [1.75, -2.75]}
							}
						},
						{
							"origin": [-0.75, 7.1, 8.5],
							"size": [1.5, 1.45, 7.25],
							"pivot": [0, 5.5, -1],
							"rotation": [-30, 0, 0],
							"uv": {
								"north": {"uv": [55, 5], "uv_size": [1.5, 1.5]},
								"east": {"uv": [22, 20], "uv_size": [7.25, 1.5]},
								"south": {"uv": [55, 8], "uv_size": [1.5, 1.5]},
								"west": {"uv": [22, 23], "uv_size": [7.25, 1.5]},
								"up": {"uv": [4, 22], "uv_size": [1.5, 7.25]},
								"down": {"uv": [7, 29.25], "uv_size": [1.5, -7.25]}
							}
						},
						{
							"origin": [-0.25, 5.25, -14],
							"size": [0.5, 0.5, 22],
							"uv": {
								"north": {"uv": [4, 68], "uv_size": [0.5, 0.5]},
								"east": {"uv": [22, 16], "uv_size": [22, 0.5]},
								"south": {"uv": [6, 68], "uv_size": [0.5, 0.5]},
								"west": {"uv": [22, 18], "uv_size": [22, 0.5]},
								"up": {"uv": [0, 22], "uv_size": [0.5, 22]},
								"down": {"uv": [2, 44], "uv_size": [0.5, -22]}
							}
						},
						{
							"origin": [-0.4, 5.25, 8],
							"size": [0.8, 0.5, 0.75],
							"uv": {
								"north": {"uv": [66, 30], "uv_size": [0.75, 0.5]},
								"east": {"uv": [66, 48], "uv_size": [0.75, 0.5]},
								"south": {"uv": [50, 66], "uv_size": [0.75, 0.5]},
								"west": {"uv": [66, 50], "uv_size": [0.75, 0.5]},
								"up": {"uv": [36, 64], "uv_size": [0.75, 0.75]},
								"down": {"uv": [64, 46.75], "uv_size": [0.75, -0.75]}
							}
						},
						{
							"origin": [-0.9, 2, -15],
							"size": [1.8, 3, 9],
							"uv": {
								"north": {"uv": [7, 38], "uv_size": [1.75, 3]},
								"east": {"uv": [0, 0], "uv_size": [9, 3]},
								"south": {"uv": [38, 32], "uv_size": [1.75, 3]},
								"west": {"uv": [0, 4], "uv_size": [9, 3]},
								"up": {"uv": [12, 0], "uv_size": [1.75, 9]},
								"down": {"uv": [12, 19], "uv_size": [1.75, -9]}
							}
						},
						{
							"origin": [-0.88, 2.65, -16.25],
							"size": [1.76, 0.5, 0.6],
							"pivot": [0, 0.65, -16.65],
							"rotation": [-25, 0, 0],
							"uv": {
								"north": {"uv": [61, 63], "uv_size": [1.75, 0.5]},
								"east": {"uv": [37, 69], "uv_size": [0.5, 0.5]},
								"south": {"uv": [63, 61], "uv_size": [1.75, 0.5]},
								"west": {"uv": [39, 69], "uv_size": [0.5, 0.5]},
								"up": {"uv": [0, 64], "uv_size": [1.75, 0.5]},
								"down": {"uv": [64, 2.5], "uv_size": [1.75, -0.5]}
							}
						},
						{
							"origin": [-0.96, 3.2, -6.75],
							"size": [1.92, 1.75, 0.2],
							"pivot": [0, 1.95, -6.75],
							"rotation": [12.5, 0, 0],
							"uv": {
								"north": {"uv": [45, 17], "uv_size": [2, 1.75]},
								"east": {"uv": [66, 21], "uv_size": [0.25, 1.75]},
								"south": {"uv": [45, 26], "uv_size": [2, 1.75]},
								"west": {"uv": [24, 66], "uv_size": [0.25, 1.75]},
								"up": {"uv": [65, 15], "uv_size": [2, 0.25]},
								"down": {"uv": [65, 17.25], "uv_size": [2, -0.25]}
							}
						},
						{
							"origin": [-0.95, 2.7, 3],
							"size": [1.9, 1.75, 0.2],
							"pivot": [0, 1.45, 3],
							"rotation": [12.5, 0, 0],
							"uv": {
								"north": {"uv": [10, 47], "uv_size": [2, 1.75]},
								"east": {"uv": [66, 42], "uv_size": [0.25, 1.75]},
								"south": {"uv": [47, 12], "uv_size": [2, 1.75]},
								"west": {"uv": [66, 45], "uv_size": [0.25, 1.75]},
								"up": {"uv": [0, 66], "uv_size": [2, 0.25]},
								"down": {"uv": [66, 0.25], "uv_size": [2, -0.25]}
							}
						},
						{
							"origin": [-0.96, 3.2, -10.5],
							"size": [1.92, 1.75, 0.2],
							"pivot": [0, 1.95, -10.5],
							"rotation": [12.5, 0, 0],
							"uv": {
								"north": {"uv": [46, 38], "uv_size": [2, 1.75]},
								"east": {"uv": [66, 36], "uv_size": [0.25, 1.75]},
								"south": {"uv": [47, 2], "uv_size": [2, 1.75]},
								"west": {"uv": [66, 39], "uv_size": [0.25, 1.75]},
								"up": {"uv": [65, 52], "uv_size": [2, 0.25]},
								"down": {"uv": [54, 65.25], "uv_size": [2, -0.25]}
							}
						},
						{
							"origin": [-0.96, 3.2, -9.5],
							"size": [1.92, 1.75, 0.2],
							"pivot": [0, 1.95, -9.5],
							"rotation": [12.5, 0, 0],
							"uv": {
								"north": {"uv": [46, 32], "uv_size": [2, 1.75]},
								"east": {"uv": [34, 66], "uv_size": [0.25, 1.75]},
								"south": {"uv": [46, 35], "uv_size": [2, 1.75]},
								"west": {"uv": [36, 66], "uv_size": [0.25, 1.75]},
								"up": {"uv": [44, 65], "uv_size": [2, 0.25]},
								"down": {"uv": [47, 65.25], "uv_size": [2, -0.25]}
							}
						},
						{
							"origin": [-0.96, 3.7, -13.5],
							"size": [1.92, 1.25, 0.2],
							"pivot": [0, 1.95, -13.5],
							"rotation": [12.5, 0, 0],
							"uv": {
								"north": {"uv": [53, 11], "uv_size": [2, 1.25]},
								"east": {"uv": [60, 67], "uv_size": [0.25, 1.25]},
								"south": {"uv": [53, 20], "uv_size": [2, 1.25]},
								"west": {"uv": [62, 67], "uv_size": [0.25, 1.25]},
								"up": {"uv": [60, 65], "uv_size": [2, 0.25]},
								"down": {"uv": [63, 65.25], "uv_size": [2, -0.25]}
							}
						},
						{
							"origin": [-0.96, 3.2, -7.5],
							"size": [1.92, 1.75, 0.2],
							"pivot": [0, 1.95, -7.5],
							"rotation": [12.5, 0, 0],
							"uv": {
								"north": {"uv": [44, 45], "uv_size": [2, 1.75]},
								"east": {"uv": [66, 24], "uv_size": [0.25, 1.75]},
								"south": {"uv": [46, 6], "uv_size": [2, 1.75]},
								"west": {"uv": [66, 27], "uv_size": [0.25, 1.75]},
								"up": {"uv": [21, 65], "uv_size": [2, 0.25]},
								"down": {"uv": [27, 65.25], "uv_size": [2, -0.25]}
							}
						},
						{
							"origin": [-0.96, 3.2, -8.5],
							"size": [1.92, 1.75, 0.2],
							"pivot": [0, 1.95, -8.5],
							"rotation": [12.5, 0, 0],
							"uv": {
								"north": {"uv": [22, 46], "uv_size": [2, 1.75]},
								"east": {"uv": [30, 66], "uv_size": [0.25, 1.75]},
								"south": {"uv": [32, 46], "uv_size": [2, 1.75]},
								"west": {"uv": [32, 66], "uv_size": [0.25, 1.75]},
								"up": {"uv": [38, 65], "uv_size": [2, 0.25]},
								"down": {"uv": [41, 65.25], "uv_size": [2, -0.25]}
							}
						},
						{
							"origin": [-0.7, 2, -6],
							"size": [1.4, 3, 1],
							"uv": {
								"north": {"uv": [13, 43], "uv_size": [1.5, 3]},
								"east": {"uv": [21, 52], "uv_size": [1, 3]},
								"south": {"uv": [19, 43], "uv_size": [1.5, 3]},
								"west": {"uv": [23, 52], "uv_size": [1, 3]},
								"up": {"uv": [49, 59], "uv_size": [1.5, 1]},
								"down": {"uv": [52, 60], "uv_size": [1.5, -1]}
							}
						},
						{
							"origin": [-0.9, 2.25, -15.5],
							"size": [1.8, 2.5, 0.5],
							"uv": {
								"north": {"uv": [41, 43], "uv_size": [1.75, 2.5]},
								"east": {"uv": [21, 61], "uv_size": [0.5, 2.5]},
								"south": {"uv": [44, 2], "uv_size": [1.75, 2.5]},
								"west": {"uv": [23, 61], "uv_size": [0.5, 2.5]},
								"up": {"uv": [41, 63], "uv_size": [1.75, 0.5]},
								"down": {"uv": [44, 63.5], "uv_size": [1.75, -0.5]}
							}
						},
						{
							"origin": [-0.5, 5, -14],
							"size": [1, 1, 9],
							"pivot": [-0.5, 5, 0],
							"rotation": [0, 0, 45],
							"uv": {
								"north": {"uv": [10, 6], "uv_size": [1, 1]},
								"east": {"uv": [31, 20], "uv_size": [9, 1]},
								"south": {"uv": [32, 6], "uv_size": [1, 1]},
								"west": {"uv": [31, 22], "uv_size": [9, 1]},
								"up": {"uv": [10, 22], "uv_size": [1, 9]},
								"down": {"uv": [10, 41], "uv_size": [1, -9]}
							}
						},
						{
							"origin": [-0.4, 5, -5],
							"size": [1, 1, 13],
							"pivot": [-0.4, 5, 0],
							"rotation": [0, 0, 45],
							"uv": {
								"north": {"uv": [17, 62], "uv_size": [1, 1]},
								"east": {"uv": [20, 8], "uv_size": [13, 1]},
								"south": {"uv": [19, 62], "uv_size": [1, 1]},
								"west": {"uv": [20, 10], "uv_size": [13, 1]},
								"up": {"uv": [12, 20], "uv_size": [1, 13]},
								"down": {"uv": [20, 25], "uv_size": [1, -13]}
							}
						},
						{
							"origin": [-0.9, 5, -14],
							"size": [1, 1, 9],
							"pivot": [-0.9, 5, 0],
							"rotation": [0, 0, 45],
							"uv": {
								"north": {"uv": [55, 61], "uv_size": [1, 1]},
								"east": {"uv": [31, 24], "uv_size": [9, 1]},
								"south": {"uv": [57, 61], "uv_size": [1, 1]},
								"west": {"uv": [32, 0], "uv_size": [9, 1]},
								"up": {"uv": [14, 32], "uv_size": [1, 9]},
								"down": {"uv": [23, 41], "uv_size": [1, -9]}
							}
						},
						{
							"origin": [-1, 5, -5],
							"size": [1, 1, 13],
							"pivot": [-1, 5, 0],
							"rotation": [0, 0, 45],
							"uv": {
								"north": {"uv": [62, 13], "uv_size": [1, 1]},
								"east": {"uv": [18, 4], "uv_size": [13, 1]},
								"south": {"uv": [15, 62], "uv_size": [1, 1]},
								"west": {"uv": [18, 6], "uv_size": [13, 1]},
								"up": {"uv": [18, 8], "uv_size": [1, 13]},
								"down": {"uv": [15, 31], "uv_size": [1, -13]}
							}
						},
						{
							"origin": [-0.37, 4.9, 8],
							"size": [1, 1, 0.75],
							"pivot": [-0.17, 4.9, 1],
							"rotation": [0, 0, 45],
							"uv": {
								"north": {"uv": [62, 19], "uv_size": [1, 1]},
								"east": {"uv": [13, 64], "uv_size": [0.75, 1]},
								"south": {"uv": [62, 21], "uv_size": [1, 1]},
								"west": {"uv": [64, 13], "uv_size": [0.75, 1]},
								"up": {"uv": [15, 64], "uv_size": [1, 0.75]},
								"down": {"uv": [17, 64.75], "uv_size": [1, -0.75]}
							}
						},
						{
							"origin": [-1.17, 4.9, 8],
							"size": [1, 1, 0.75],
							"pivot": [-0.97, 4.9, 1],
							"rotation": [0, 0, 45],
							"uv": {
								"north": {"uv": [62, 23], "uv_size": [1, 1]},
								"east": {"uv": [19, 64], "uv_size": [0.75, 1]},
								"south": {"uv": [62, 29], "uv_size": [1, 1]},
								"west": {"uv": [64, 19], "uv_size": [0.75, 1]},
								"up": {"uv": [64, 21], "uv_size": [1, 0.75]},
								"down": {"uv": [64, 23.75], "uv_size": [1, -0.75]}
							}
						},
						{
							"origin": [-0.8, 1, 1],
							"size": [1.6, 1, 7],
							"uv": {
								"north": {"uv": [58, 46], "uv_size": [1.5, 1]},
								"east": {"uv": [36, 2], "uv_size": [7, 1]},
								"south": {"uv": [58, 48], "uv_size": [1.5, 1]},
								"west": {"uv": [36, 4], "uv_size": [7, 1]},
								"up": {"uv": [17, 22], "uv_size": [1.5, 7]},
								"down": {"uv": [20, 33], "uv_size": [1.5, -7]}
							}
						},
						{
							"origin": [-0.6, -1.9, 5.9],
							"size": [1.2, 1.12, 1],
							"pivot": [0, -0.75, 8.9],
							"rotation": [-63.43, 0, 0],
							"uv": {
								"north": {"uv": [15, 60], "uv_size": [1.25, 1]},
								"east": {"uv": [59, 61], "uv_size": [1, 1]},
								"south": {"uv": [18, 60], "uv_size": [1.25, 1]},
								"west": {"uv": [61, 61], "uv_size": [1, 1]},
								"up": {"uv": [33, 60], "uv_size": [1.25, 1]},
								"down": {"uv": [36, 61], "uv_size": [1.25, -1]}
							}
						},
						{
							"origin": [-0.8, 0, -1],
							"size": [1.6, 2, 2],
							"uv": {
								"north": {"uv": [31, 49], "uv_size": [1.5, 2]},
								"east": {"uv": [44, 12], "uv_size": [2, 2]},
								"south": {"uv": [49, 34], "uv_size": [1.5, 2]},
								"west": {"uv": [29, 44], "uv_size": [2, 2]},
								"up": {"uv": [37, 49], "uv_size": [1.5, 2]},
								"down": {"uv": [49, 39], "uv_size": [1.5, -2]}
							}
						},
						{
							"origin": [-0.7, -0.75, 1],
							"size": [1.4, 1.5, 2],
							"uv": {
								"north": {"uv": [51, 54], "uv_size": [1.5, 1.5]},
								"east": {"uv": [50, 11], "uv_size": [2, 1.5]},
								"south": {"uv": [54, 54], "uv_size": [1.5, 1.5]},
								"west": {"uv": [50, 22], "uv_size": [2, 1.5]},
								"up": {"uv": [50, 25], "uv_size": [1.5, 2]},
								"down": {"uv": [51, 19], "uv_size": [1.5, -2]}
							}
						},
						{
							"origin": [-0.4, -0.75, 0.5],
							"size": [0.8, 1.5, 0.25],
							"uv": {
								"north": {"uv": [31, 61], "uv_size": [0.75, 1.5]},
								"east": {"uv": [52, 66], "uv_size": [0.25, 1.5]},
								"south": {"uv": [51, 61], "uv_size": [0.75, 1.5]},
								"west": {"uv": [66, 60], "uv_size": [0.25, 1.5]},
								"up": {"uv": [41, 69], "uv_size": [0.75, 0.25]},
								"down": {"uv": [43, 69.25], "uv_size": [0.75, -0.25]}
							}
						},
						{
							"origin": [-0.6, -1.25, -2],
							"size": [1.2, 0.25, 4],
							"pivot": [0, 0, 0],
							"rotation": [3, 0, 0],
							"uv": {
								"north": {"uv": [42, 67], "uv_size": [1.25, 0.25]},
								"east": {"uv": [0, 62], "uv_size": [4, 0.25]},
								"south": {"uv": [45, 67], "uv_size": [1.25, 0.25]},
								"west": {"uv": [5, 62], "uv_size": [4, 0.25]},
								"up": {"uv": [32, 41], "uv_size": [1.25, 4]},
								"down": {"uv": [41, 36], "uv_size": [1.25, -4]}
							}
						},
						{
							"origin": [-0.7, -4, 1.5],
							"size": [1.4, 0.75, 2],
							"uv": {
								"north": {"uv": [48, 61], "uv_size": [1.5, 0.75]},
								"east": {"uv": [59, 23], "uv_size": [2, 0.75]},
								"south": {"uv": [61, 48], "uv_size": [1.5, 0.75]},
								"west": {"uv": [24, 59], "uv_size": [2, 0.75]},
								"up": {"uv": [52, 5], "uv_size": [1.5, 2]},
								"down": {"uv": [52, 10], "uv_size": [1.5, -2]}
							}
						},
						{
							"origin": [-0.48, -3.9, 3.5],
							"size": [0.96, 0.5, 3.9],
							"pivot": [0, -3, 3],
							"rotation": [2, 0, 0],
							"uv": {
								"north": {"uv": [64, 63], "uv_size": [1, 0.5]},
								"east": {"uv": [56, 2], "uv_size": [4, 0.5]},
								"south": {"uv": [9, 65], "uv_size": [1, 0.5]},
								"west": {"uv": [56, 11], "uv_size": [4, 0.5]},
								"up": {"uv": [44, 32], "uv_size": [1, 4]},
								"down": {"uv": [38, 48], "uv_size": [1, -4]}
							}
						},
						{
							"origin": [-0.7, -3.75, 1],
							"size": [1.4, 3, 2],
							"pivot": [1, -0.75, 1],
							"rotation": [10, 0, 0],
							"uv": {
								"north": {"uv": [43, 6], "uv_size": [1.5, 3]},
								"east": {"uv": [37, 6], "uv_size": [2, 3]},
								"south": {"uv": [10, 43], "uv_size": [1.5, 3]},
								"west": {"uv": [4, 38], "uv_size": [2, 3]},
								"up": {"uv": [51, 28], "uv_size": [1.5, 2]},
								"down": {"uv": [49, 53], "uv_size": [1.5, -2]}
							}
						},
						{
							"origin": [-0.8, 0, -3],
							"size": [1.6, 1, 2],
							"uv": {
								"north": {"uv": [12, 59], "uv_size": [1.5, 1]},
								"east": {"uv": [41, 55], "uv_size": [2, 1]},
								"south": {"uv": [59, 13], "uv_size": [1.5, 1]},
								"west": {"uv": [55, 41], "uv_size": [2, 1]},
								"up": {"uv": [49, 45], "uv_size": [1.5, 2]},
								"down": {"uv": [49, 50], "uv_size": [1.5, -2]}
							}
						},
						{
							"origin": [-0.6, 1, -3],
							"size": [1.2, 1, 2],
							"uv": {
								"north": {"uv": [61, 2], "uv_size": [1.25, 1]},
								"east": {"uv": [55, 47], "uv_size": [2, 1]},
								"south": {"uv": [10, 61], "uv_size": [1.25, 1]},
								"west": {"uv": [55, 49], "uv_size": [2, 1]},
								"up": {"uv": [52, 39], "uv_size": [1.25, 2]},
								"down": {"uv": [52, 47], "uv_size": [1.25, -2]}
							}
						},
						{
							"origin": [-0.8, 0.5, -3],
							"size": [1.6, 1, 2],
							"pivot": [0.8, 0.5, -3],
							"rotation": [35, 0, 0],
							"uv": {
								"north": {"uv": [59, 19], "uv_size": [1.5, 1]},
								"east": {"uv": [55, 43], "uv_size": [2, 1]},
								"south": {"uv": [59, 21], "uv_size": [1.5, 1]},
								"west": {"uv": [55, 45], "uv_size": [2, 1]},
								"up": {"uv": [50, 2], "uv_size": [1.5, 2]},
								"down": {"uv": [10, 52], "uv_size": [1.5, -2]}
							}
						},
						{
							"origin": [-0.9, -1, -5],
							"size": [1.8, 3, 3],
							"uv": {
								"north": {"uv": [38, 36], "uv_size": [1.75, 3]},
								"east": {"uv": [32, 2], "uv_size": [3, 3]},
								"south": {"uv": [35, 39], "uv_size": [1.75, 3]},
								"west": {"uv": [25, 32], "uv_size": [3, 3]},
								"up": {"uv": [40, 6], "uv_size": [1.75, 3]},
								"down": {"uv": [29, 43], "uv_size": [1.75, -3]}
							}
						},
						{
							"origin": [-0.8, 0.5, -5.5],
							"size": [1.6, 1.25, 1],
							"pivot": [0, 2, -5.5],
							"rotation": [25, 0, 0],
							"uv": {
								"north": {"uv": [56, 23], "uv_size": [1.5, 1.25]},
								"east": {"uv": [61, 10], "uv_size": [1, 1.25]},
								"south": {"uv": [24, 56], "uv_size": [1.5, 1.25]},
								"west": {"uv": [13, 61], "uv_size": [1, 1.25]},
								"up": {"uv": [59, 31], "uv_size": [1.5, 1]},
								"down": {"uv": [40, 60], "uv_size": [1.5, -1]}
							}
						},
						{
							"origin": [-0.9, -1.5, -5],
							"size": [1.8, 0.5, 3],
							"uv": {
								"north": {"uv": [63, 25], "uv_size": [1.75, 0.5]},
								"east": {"uv": [59, 25], "uv_size": [3, 0.5]},
								"south": {"uv": [27, 63], "uv_size": [1.75, 0.5]},
								"west": {"uv": [59, 27], "uv_size": [3, 0.5]},
								"up": {"uv": [38, 40], "uv_size": [1.75, 3]},
								"down": {"uv": [16, 44], "uv_size": [1.75, -3]}
							}
						},
						{
							"origin": [-0.8, -3.5, -5],
							"size": [1.6, 2, 2.75],
							"uv": {
								"north": {"uv": [59, 29], "uv_size": [1.5, 1]},
								"east": {"uv": [31, 52], "uv_size": [2.75, 1]},
								"south": {"uv": [30, 59], "uv_size": [1.5, 1]},
								"west": {"uv": [52, 34], "uv_size": [2.75, 1]},
								"up": {"uv": [4, 44], "uv_size": [1.5, 2.75]},
								"down": {"uv": [7, 46.75], "uv_size": [1.5, -2.75]}
							}
						},
						{
							"origin": [-0.9, -1.5, -5],
							"size": [1.8, 0.5, 1.5],
							"pivot": [0, -1, -5],
							"rotation": [-17.5, 0, 0],
							"uv": {
								"north": {"uv": [63, 27], "uv_size": [1.75, 0.5]},
								"east": {"uv": [3, 64], "uv_size": [1.5, 0.5]},
								"south": {"uv": [38, 63], "uv_size": [1.75, 0.5]},
								"west": {"uv": [6, 64], "uv_size": [1.5, 0.5]},
								"up": {"uv": [52, 36], "uv_size": [1.75, 1.5]},
								"down": {"uv": [37, 53.5], "uv_size": [1.75, -1.5]}
							}
						},
						{
							"origin": [-0.9, 1.75, -13],
							"size": [1.8, 0.25, 8],
							"uv": {
								"north": {"uv": [66, 8], "uv_size": [1.75, 0.25]},
								"east": {"uv": [55, 51], "uv_size": [8, 0.25]},
								"south": {"uv": [13, 66], "uv_size": [1.75, 0.25]},
								"west": {"uv": [0, 56], "uv_size": [8, 0.25]},
								"up": {"uv": [15, 0], "uv_size": [1.75, 8]},
								"down": {"uv": [15, 17], "uv_size": [1.75, -8]}
							}
						},
						{
							"origin": [-0.6, 1, -12],
							"size": [1.2, 1, 7],
							"uv": {
								"north": {"uv": [25, 61], "uv_size": [1.25, 1]},
								"east": {"uv": [36, 12], "uv_size": [7, 1]},
								"south": {"uv": [28, 61], "uv_size": [1.25, 1]},
								"west": {"uv": [36, 14], "uv_size": [7, 1]},
								"up": {"uv": [32, 26], "uv_size": [1.25, 7]},
								"down": {"uv": [29, 39], "uv_size": [1.25, -7]}
							}
						},
						{
							"origin": [-0.6, 1, -12.5],
							"size": [1.2, 1, 1.25],
							"pivot": [0, 2, -12.25],
							"rotation": [27.5, 0, 0],
							"uv": {
								"north": {"uv": [39, 61], "uv_size": [1.25, 1]},
								"east": {"uv": [42, 61], "uv_size": [1.25, 1]},
								"south": {"uv": [45, 61], "uv_size": [1.25, 1]},
								"west": {"uv": [61, 46], "uv_size": [1.25, 1]},
								"up": {"uv": [21, 58], "uv_size": [1.25, 1.25]},
								"down": {"uv": [27, 59.25], "uv_size": [1.25, -1.25]}
							}
						},
						{
							"origin": [-0.6, 0.5, 1],
							"size": [1.2, 0.5, 6],
							"uv": {
								"north": {"uv": [30, 64], "uv_size": [1.25, 0.5]},
								"east": {"uv": [48, 0], "uv_size": [6, 0.5]},
								"south": {"uv": [64, 32], "uv_size": [1.25, 0.5]},
								"west": {"uv": [49, 32], "uv_size": [6, 0.5]},
								"up": {"uv": [32, 34], "uv_size": [1.25, 6]},
								"down": {"uv": [35, 32], "uv_size": [1.25, -6]}
							}
						},
						{
							"origin": [-0.4, 0, 3],
							"size": [0.8, 0.5, 3],
							"uv": {
								"north": {"uv": [26, 67], "uv_size": [0.75, 0.5]},
								"east": {"uv": [58, 59], "uv_size": [3, 0.5]},
								"south": {"uv": [28, 67], "uv_size": [0.75, 0.5]},
								"west": {"uv": [0, 60], "uv_size": [3, 0.5]},
								"up": {"uv": [13, 55], "uv_size": [0.75, 3]},
								"down": {"uv": [19, 58], "uv_size": [0.75, -3]}
							}
						},
						{
							"origin": [-0.4, 0.29, 6.73],
							"size": [0.8, 0.75, 0.5],
							"pivot": [0, 2.45, 6.07],
							"rotation": [-30, 0, 0],
							"uv": {
								"north": {"uv": [64, 48], "uv_size": [0.75, 0.75]},
								"east": {"uv": [67, 32], "uv_size": [0.5, 0.75]},
								"south": {"uv": [50, 64], "uv_size": [0.75, 0.75]},
								"west": {"uv": [67, 34], "uv_size": [0.5, 0.75]},
								"up": {"uv": [38, 67], "uv_size": [0.75, 0.5]},
								"down": {"uv": [40, 67.5], "uv_size": [0.75, -0.5]}
							}
						},
						{
							"origin": [-0.96, 3.7, -11.5],
							"size": [1.92, 1.25, 0.2],
							"pivot": [0, 1.95, -11.5],
							"rotation": [12.5, 0, 0],
							"uv": {
								"north": {"uv": [53, 23], "uv_size": [2, 1.25]},
								"east": {"uv": [64, 67], "uv_size": [0.25, 1.25]},
								"south": {"uv": [25, 53], "uv_size": [2, 1.25]},
								"west": {"uv": [66, 67], "uv_size": [0.25, 1.25]},
								"up": {"uv": [3, 66], "uv_size": [2, 0.25]},
								"down": {"uv": [66, 4.25], "uv_size": [2, -0.25]}
							}
						},
						{
							"origin": [-0.96, 3.7, -12.5],
							"size": [1.92, 1.25, 0.2],
							"pivot": [0, 1.95, -12.5],
							"rotation": [12.5, 0, 0],
							"uv": {
								"north": {"uv": [46, 53], "uv_size": [2, 1.25]},
								"east": {"uv": [0, 68], "uv_size": [0.25, 1.25]},
								"south": {"uv": [54, 16], "uv_size": [2, 1.25]},
								"west": {"uv": [2, 68], "uv_size": [0.25, 1.25]},
								"up": {"uv": [6, 66], "uv_size": [2, 0.25]},
								"down": {"uv": [66, 6.25], "uv_size": [2, -0.25]}
							}
						}
					]
				},
				{
					"name": "barrel",
					"parent": "root",
					"pivot": [0.125, 12.43444, 4.41698],
					"cubes": [
						{
							"origin": [-0.24231, 4.06065, -21.70802],
							"size": [0.48461, 0.14625, 6.75],
							"uv": {
								"north": {"uv": [4, 70], "uv_size": [0.5, 0.25]},
								"east": {"uv": [56, 34], "uv_size": [6.75, 0.25]},
								"south": {"uv": [6, 70], "uv_size": [0.5, 0.25]},
								"west": {"uv": [57, 15], "uv_size": [6.75, 0.25]},
								"up": {"uv": [13, 47], "uv_size": [0.5, 6.75]},
								"down": {"uv": [19, 53.75], "uv_size": [0.5, -6.75]}
							}
						},
						{
							"origin": [-0.24231, 4.06065, -21.70802],
							"size": [0.48461, 0.14625, 6.75],
							"pivot": [0, 3.6219, -13.45802],
							"rotation": [0, 0, 45],
							"uv": {
								"north": {"uv": [10, 70], "uv_size": [0.5, 0.25]},
								"east": {"uv": [57, 17], "uv_size": [6.75, 0.25]},
								"south": {"uv": [70, 10], "uv_size": [0.5, 0.25]},
								"west": {"uv": [41, 57], "uv_size": [6.75, 0.25]},
								"up": {"uv": [29, 47], "uv_size": [0.5, 6.75]},
								"down": {"uv": [35, 53.75], "uv_size": [0.5, -6.75]}
							}
						},
						{
							"origin": [-0.24231, 4.06065, -21.70802],
							"size": [0.48461, 0.14625, 6.75],
							"pivot": [0, 3.6219, -13.45802],
							"rotation": [0, 0, 90],
							"uv": {
								"north": {"uv": [12, 70], "uv_size": [0.5, 0.25]},
								"east": {"uv": [51, 57], "uv_size": [6.75, 0.25]},
								"south": {"uv": [70, 14], "uv_size": [0.5, 0.25]},
								"west": {"uv": [57, 53], "uv_size": [6.75, 0.25]},
								"up": {"uv": [40, 47], "uv_size": [0.5, 6.75]},
								"down": {"uv": [42, 53.75], "uv_size": [0.5, -6.75]}
							}
						},
						{
							"origin": [-0.24231, 4.06065, -21.70802],
							"size": [0.48461, 0.14625, 6.75],
							"pivot": [0, 3.6219, -13.45802],
							"rotation": [0, 0, 135],
							"uv": {
								"north": {"uv": [70, 16], "uv_size": [0.5, 0.25]},
								"east": {"uv": [57, 55], "uv_size": [6.75, 0.25]},
								"south": {"uv": [70, 21], "uv_size": [0.5, 0.25]},
								"west": {"uv": [0, 58], "uv_size": [6.75, 0.25]},
								"up": {"uv": [47, 45], "uv_size": [0.5, 6.75]},
								"down": {"uv": [0, 54.75], "uv_size": [0.5, -6.75]}
							}
						},
						{
							"origin": [-0.24231, 4.06065, -21.70802],
							"size": [0.48461, 0.14625, 6.75],
							"pivot": [0, 3.6219, -13.45802],
							"rotation": [0, 0, -45],
							"uv": {
								"north": {"uv": [70, 23], "uv_size": [0.5, 0.25]},
								"east": {"uv": [58, 0], "uv_size": [6.75, 0.25]},
								"south": {"uv": [70, 25], "uv_size": [0.5, 0.25]},
								"west": {"uv": [58, 4], "uv_size": [6.75, 0.25]},
								"up": {"uv": [2, 48], "uv_size": [0.5, 6.75]},
								"down": {"uv": [4, 54.75], "uv_size": [0.5, -6.75]}
							}
						},
						{
							"origin": [-0.24231, 4.06065, -21.70802],
							"size": [0.48461, 0.14625, 6.75],
							"pivot": [0, 3.6219, -13.45802],
							"rotation": [0, 0, -90],
							"uv": {
								"north": {"uv": [70, 27], "uv_size": [0.5, 0.25]},
								"east": {"uv": [58, 6], "uv_size": [6.75, 0.25]},
								"south": {"uv": [70, 29], "uv_size": [0.5, 0.25]},
								"west": {"uv": [58, 8], "uv_size": [6.75, 0.25]},
								"up": {"uv": [6, 48], "uv_size": [0.5, 6.75]},
								"down": {"uv": [8, 54.75], "uv_size": [0.5, -6.75]}
							}
						},
						{
							"origin": [-0.24231, 4.06065, -21.70802],
							"size": [0.48461, 0.14625, 6.75],
							"pivot": [0, 3.6219, -13.45802],
							"rotation": [0, 0, -135],
							"uv": {
								"north": {"uv": [70, 35], "uv_size": [0.5, 0.25]},
								"east": {"uv": [58, 36], "uv_size": [6.75, 0.25]},
								"south": {"uv": [70, 37], "uv_size": [0.5, 0.25]},
								"west": {"uv": [58, 38], "uv_size": [6.75, 0.25]},
								"up": {"uv": [15, 48], "uv_size": [0.5, 6.75]},
								"down": {"uv": [17, 54.75], "uv_size": [0.5, -6.75]}
							}
						},
						{
							"origin": [-0.24231, 4.06065, -21.70802],
							"size": [0.48461, 0.14625, 6.75],
							"pivot": [0, 3.6219, -13.45802],
							"rotation": [0, 0, 180],
							"uv": {
								"north": {"uv": [70, 39], "uv_size": [0.5, 0.25]},
								"east": {"uv": [58, 40], "uv_size": [6.75, 0.25]},
								"south": {"uv": [70, 41], "uv_size": [0.5, 0.25]},
								"west": {"uv": [58, 42], "uv_size": [6.75, 0.25]},
								"up": {"uv": [48, 22], "uv_size": [0.5, 6.75]},
								"down": {"uv": [44, 54.75], "uv_size": [0.5, -6.75]}
							}
						}
					]
				},
				{
					"name": "eye",
					"parent": "root",
					"pivot": [0, 2, 0],
					"cubes": [
						{
							"origin": [-0.3, 5.4, -6.5],
							"size": [0.6, 0.5, 0.25],
							"uv": {
								"north": {"uv": [69, 2], "uv_size": [0.5, 0.5]},
								"east": {"uv": [10, 72], "uv_size": [0.25, 0.5]},
								"south": {"uv": [69, 4], "uv_size": [0.5, 0.5]},
								"west": {"uv": [72, 10], "uv_size": [0.25, 0.5]},
								"up": {"uv": [12, 72], "uv_size": [0.5, 0.25]},
								"down": {"uv": [72, 14.25], "uv_size": [0.5, -0.25]}
							}
						},
						{
							"origin": [-0.3, 5.4, -7],
							"size": [0.6, 0.5, 0.25],
							"uv": {
								"north": {"uv": [68, 68], "uv_size": [0.5, 0.5]},
								"east": {"uv": [51, 71], "uv_size": [0.25, 0.5]},
								"south": {"uv": [69, 0], "uv_size": [0.5, 0.5]},
								"west": {"uv": [70, 71], "uv_size": [0.25, 0.5]},
								"up": {"uv": [4, 72], "uv_size": [0.5, 0.25]},
								"down": {"uv": [6, 72.25], "uv_size": [0.5, -0.25]}
							}
						},
						{
							"origin": [-0.3, 5.4, -7.5],
							"size": [0.6, 0.5, 0.25],
							"uv": {
								"north": {"uv": [68, 64], "uv_size": [0.5, 0.5]},
								"east": {"uv": [38, 71], "uv_size": [0.25, 0.5]},
								"south": {"uv": [68, 66], "uv_size": [0.5, 0.5]},
								"west": {"uv": [40, 71], "uv_size": [0.25, 0.5]},
								"up": {"uv": [42, 71], "uv_size": [0.5, 0.25]},
								"down": {"uv": [44, 71.25], "uv_size": [0.5, -0.25]}
							}
						},
						{
							"origin": [-0.3, 5.4, -8],
							"size": [0.6, 0.5, 0.25],
							"uv": {
								"north": {"uv": [68, 60], "uv_size": [0.5, 0.5]},
								"east": {"uv": [32, 71], "uv_size": [0.25, 0.5]},
								"south": {"uv": [68, 62], "uv_size": [0.5, 0.5]},
								"west": {"uv": [71, 33], "uv_size": [0.25, 0.5]},
								"up": {"uv": [34, 71], "uv_size": [0.5, 0.25]},
								"down": {"uv": [36, 71.25], "uv_size": [0.5, -0.25]}
							}
						},
						{
							"origin": [-0.3, 5.4, -8.5],
							"size": [0.6, 0.5, 0.25],
							"uv": {
								"north": {"uv": [68, 56], "uv_size": [0.5, 0.5]},
								"east": {"uv": [26, 71], "uv_size": [0.25, 0.5]},
								"south": {"uv": [68, 58], "uv_size": [0.5, 0.5]},
								"west": {"uv": [28, 71], "uv_size": [0.25, 0.5]},
								"up": {"uv": [30, 71], "uv_size": [0.5, 0.25]},
								"down": {"uv": [71, 31.25], "uv_size": [0.5, -0.25]}
							}
						},
						{
							"origin": [-0.3, 5.4, -9],
							"size": [0.6, 0.5, 0.25],
							"uv": {
								"north": {"uv": [68, 52], "uv_size": [0.5, 0.5]},
								"east": {"uv": [71, 18], "uv_size": [0.25, 0.5]},
								"south": {"uv": [68, 54], "uv_size": [0.5, 0.5]},
								"west": {"uv": [20, 71], "uv_size": [0.25, 0.5]},
								"up": {"uv": [22, 71], "uv_size": [0.5, 0.25]},
								"down": {"uv": [24, 71.25], "uv_size": [0.5, -0.25]}
							}
						},
						{
							"origin": [-0.3, 5.4, -9.5],
							"size": [0.6, 0.5, 0.25],
							"uv": {
								"north": {"uv": [50, 68], "uv_size": [0.5, 0.5]},
								"east": {"uv": [71, 12], "uv_size": [0.25, 0.5]},
								"south": {"uv": [68, 50], "uv_size": [0.5, 0.5]},
								"west": {"uv": [14, 71], "uv_size": [0.25, 0.5]},
								"up": {"uv": [16, 71], "uv_size": [0.5, 0.25]},
								"down": {"uv": [18, 71.25], "uv_size": [0.5, -0.25]}
							}
						},
						{
							"origin": [-0.3, 5.4, -10],
							"size": [0.6, 0.5, 0.25],
							"uv": {
								"north": {"uv": [68, 46], "uv_size": [0.5, 0.5]},
								"east": {"uv": [71, 4], "uv_size": [0.25, 0.5]},
								"south": {"uv": [68, 48], "uv_size": [0.5, 0.5]},
								"west": {"uv": [71, 6], "uv_size": [0.25, 0.5]},
								"up": {"uv": [8, 71], "uv_size": [0.5, 0.25]},
								"down": {"uv": [71, 8.25], "uv_size": [0.5, -0.25]}
							}
						},
						{
							"origin": [-0.3, 5.4, 7.5],
							"size": [0.6, 0.5, 0.25],
							"uv": {
								"north": {"uv": [69, 31], "uv_size": [0.5, 0.5]},
								"east": {"uv": [72, 59], "uv_size": [0.25, 0.5]},
								"south": {"uv": [33, 69], "uv_size": [0.5, 0.5]},
								"west": {"uv": [61, 72], "uv_size": [0.25, 0.5]},
								"up": {"uv": [72, 61], "uv_size": [0.5, 0.25]},
								"down": {"uv": [63, 72.25], "uv_size": [0.5, -0.25]}
							}
						},
						{
							"origin": [-0.3, 5.4, 7],
							"size": [0.6, 0.5, 0.25],
							"uv": {
								"north": {"uv": [29, 69], "uv_size": [0.5, 0.5]},
								"east": {"uv": [72, 55], "uv_size": [0.25, 0.5]},
								"south": {"uv": [31, 69], "uv_size": [0.5, 0.5]},
								"west": {"uv": [57, 72], "uv_size": [0.25, 0.5]},
								"up": {"uv": [72, 57], "uv_size": [0.5, 0.25]},
								"down": {"uv": [59, 72.25], "uv_size": [0.5, -0.25]}
							}
						},
						{
							"origin": [-0.3, 5.4, 6.5],
							"size": [0.6, 0.5, 0.25],
							"uv": {
								"north": {"uv": [25, 69], "uv_size": [0.5, 0.5]},
								"east": {"uv": [72, 51], "uv_size": [0.25, 0.5]},
								"south": {"uv": [27, 69], "uv_size": [0.5, 0.5]},
								"west": {"uv": [53, 72], "uv_size": [0.25, 0.5]},
								"up": {"uv": [72, 53], "uv_size": [0.5, 0.25]},
								"down": {"uv": [55, 72.25], "uv_size": [0.5, -0.25]}
							}
						},
						{
							"origin": [-0.3, 5.4, 6],
							"size": [0.6, 0.5, 0.25],
							"uv": {
								"north": {"uv": [21, 69], "uv_size": [0.5, 0.5]},
								"east": {"uv": [46, 72], "uv_size": [0.25, 0.5]},
								"south": {"uv": [23, 69], "uv_size": [0.5, 0.5]},
								"west": {"uv": [72, 47], "uv_size": [0.25, 0.5]},
								"up": {"uv": [48, 72], "uv_size": [0.5, 0.25]},
								"down": {"uv": [72, 49.25], "uv_size": [0.5, -0.25]}
							}
						},
						{
							"origin": [-0.3, 5.4, 5.5],
							"size": [0.6, 0.5, 0.25],
							"uv": {
								"north": {"uv": [19, 69], "uv_size": [0.5, 0.5]},
								"east": {"uv": [72, 39], "uv_size": [0.25, 0.5]},
								"south": {"uv": [69, 19], "uv_size": [0.5, 0.5]},
								"west": {"uv": [72, 41], "uv_size": [0.25, 0.5]},
								"up": {"uv": [72, 43], "uv_size": [0.5, 0.25]},
								"down": {"uv": [72, 45.25], "uv_size": [0.5, -0.25]}
							}
						},
						{
							"origin": [-0.3, 5.4, 5],
							"size": [0.6, 0.5, 0.25],
							"uv": {
								"north": {"uv": [15, 69], "uv_size": [0.5, 0.5]},
								"east": {"uv": [72, 26], "uv_size": [0.25, 0.5]},
								"south": {"uv": [17, 69], "uv_size": [0.5, 0.5]},
								"west": {"uv": [72, 28], "uv_size": [0.25, 0.5]},
								"up": {"uv": [72, 35], "uv_size": [0.5, 0.25]},
								"down": {"uv": [72, 37.25], "uv_size": [0.5, -0.25]}
							}
						},
						{
							"origin": [-0.3, 5.4, 4.5],
							"size": [0.6, 0.5, 0.25],
							"uv": {
								"north": {"uv": [69, 8], "uv_size": [0.5, 0.5]},
								"east": {"uv": [72, 16], "uv_size": [0.25, 0.5]},
								"south": {"uv": [69, 12], "uv_size": [0.5, 0.5]},
								"west": {"uv": [72, 20], "uv_size": [0.25, 0.5]},
								"up": {"uv": [72, 22], "uv_size": [0.5, 0.25]},
								"down": {"uv": [72, 24.25], "uv_size": [0.5, -0.25]}
							}
						},
						{
							"origin": [-0.3, 5.4, -6],
							"size": [0.6, 0.5, 10.25],
							"uv": {
								"north": {"uv": [69, 6], "uv_size": [0.5, 0.5]},
								"east": {"uv": [37, 10], "uv_size": [10.25, 0.5]},
								"south": {"uv": [8, 69], "uv_size": [0.5, 0.5]},
								"west": {"uv": [41, 20], "uv_size": [10.25, 0.5]},
								"up": {"uv": [25, 41], "uv_size": [0.5, 10.25]},
								"down": {"uv": [27, 51.25], "uv_size": [0.5, -10.25]}
							}
						},
						{
							"origin": [-0.3, 5.4, -13.5],
							"size": [0.6, 0.5, 0.25],
							"uv": {
								"north": {"uv": [11, 68], "uv_size": [0.5, 0.5]},
								"east": {"uv": [70, 43], "uv_size": [0.25, 0.5]},
								"south": {"uv": [13, 68], "uv_size": [0.5, 0.5]},
								"west": {"uv": [70, 45], "uv_size": [0.25, 0.5]},
								"up": {"uv": [47, 70], "uv_size": [0.5, 0.25]},
								"down": {"uv": [70, 47.25], "uv_size": [0.5, -0.25]}
							}
						},
						{
							"origin": [-0.3, 5.4, -13],
							"size": [0.6, 0.5, 0.25],
							"uv": {
								"north": {"uv": [68, 21], "uv_size": [0.5, 0.5]},
								"east": {"uv": [54, 70], "uv_size": [0.25, 0.5]},
								"south": {"uv": [68, 23], "uv_size": [0.5, 0.5]},
								"west": {"uv": [70, 55], "uv_size": [0.25, 0.5]},
								"up": {"uv": [56, 70], "uv_size": [0.5, 0.25]},
								"down": {"uv": [70, 57.25], "uv_size": [0.5, -0.25]}
							}
						},
						{
							"origin": [-0.3, 5.4, -12.5],
							"size": [0.6, 0.5, 0.25],
							"uv": {
								"north": {"uv": [68, 15], "uv_size": [0.5, 0.5]},
								"east": {"uv": [49, 70], "uv_size": [0.25, 0.5]},
								"south": {"uv": [68, 17], "uv_size": [0.5, 0.5]},
								"west": {"uv": [70, 49], "uv_size": [0.25, 0.5]},
								"up": {"uv": [70, 51], "uv_size": [0.5, 0.25]},
								"down": {"uv": [70, 53.25], "uv_size": [0.5, -0.25]}
							}
						},
						{
							"origin": [-0.3, 5.4, -12],
							"size": [0.6, 0.5, 0.25],
							"uv": {
								"north": {"uv": [68, 29], "uv_size": [0.5, 0.5]},
								"east": {"uv": [62, 70], "uv_size": [0.25, 0.5]},
								"south": {"uv": [68, 36], "uv_size": [0.5, 0.5]},
								"west": {"uv": [70, 63], "uv_size": [0.25, 0.5]},
								"up": {"uv": [64, 70], "uv_size": [0.5, 0.25]},
								"down": {"uv": [70, 65.25], "uv_size": [0.5, -0.25]}
							}
						},
						{
							"origin": [-0.3, 5.4, -11.5],
							"size": [0.6, 0.5, 0.25],
							"uv": {
								"north": {"uv": [68, 25], "uv_size": [0.5, 0.5]},
								"east": {"uv": [58, 70], "uv_size": [0.25, 0.5]},
								"south": {"uv": [68, 27], "uv_size": [0.5, 0.5]},
								"west": {"uv": [70, 59], "uv_size": [0.25, 0.5]},
								"up": {"uv": [60, 70], "uv_size": [0.5, 0.25]},
								"down": {"uv": [70, 61.25], "uv_size": [0.5, -0.25]}
							}
						},
						{
							"origin": [0.17678, 5.3652, -1.5],
							"size": [0.35355, 0.5, 2],
							"pivot": [0.55178, 5.7402, -0.125],
							"rotation": [0, 0, 45],
							"uv": {
								"north": {"uv": [72, 65], "uv_size": [0.25, 0.5]},
								"east": {"uv": [62, 59], "uv_size": [2, 0.5]},
								"south": {"uv": [67, 72], "uv_size": [0.25, 0.5]},
								"west": {"uv": [10, 63], "uv_size": [2, 0.5]},
								"up": {"uv": [11, 65], "uv_size": [0.25, 2]}
							}
						},
						{
							"origin": [-0.53033, 5.3652, -1.5],
							"size": [0.35355, 0.5, 2],
							"pivot": [-0.55178, 5.7402, -0.125],
							"rotation": [0, 0, -45],
							"uv": {
								"north": {"uv": [72, 63], "uv_size": [0.25, 0.5]},
								"east": {"uv": [35, 62], "uv_size": [2, 0.5]},
								"south": {"uv": [65, 72], "uv_size": [0.25, 0.5]},
								"west": {"uv": [62, 57], "uv_size": [2, 0.5]},
								"up": {"uv": [65, 10], "uv_size": [0.25, 2]}
							}
						},
						{
							"origin": [-0.375, 5.84375, -1],
							"size": [0.75, 0.25, 1.5],
							"uv": {
								"north": {"uv": [45, 69], "uv_size": [0.75, 0.25]},
								"south": {"uv": [52, 69], "uv_size": [0.75, 0.25]},
								"up": {"uv": [53, 61], "uv_size": [0.75, 1.5]}
							}
						},
						{
							"origin": [-0.25, 5.9, -1.75],
							"size": [0.5, 0.15, 1.5],
							"uv": {
								"north": {"uv": [72, 67], "uv_size": [0.5, 0.25]},
								"east": {"uv": [67, 10], "uv_size": [1.5, 0.25]},
								"west": {"uv": [20, 67], "uv_size": [1.5, 0.25]},
								"up": {"uv": [64, 29], "uv_size": [0.5, 1.5]}
							}
						},
						{
							"origin": [-0.3, 5.4, -11],
							"size": [0.6, 0.5, 0.25],
							"uv": {
								"north": {"uv": [68, 42], "uv_size": [0.5, 0.5]},
								"east": {"uv": [0, 71], "uv_size": [0.25, 0.5]},
								"south": {"uv": [68, 44], "uv_size": [0.5, 0.5]},
								"west": {"uv": [71, 0], "uv_size": [0.25, 0.5]},
								"up": {"uv": [2, 71], "uv_size": [0.5, 0.25]},
								"down": {"uv": [71, 2.25], "uv_size": [0.5, -0.25]}
							}
						},
						{
							"origin": [-0.3, 5.4, -10.5],
							"size": [0.6, 0.5, 0.25],
							"uv": {
								"north": {"uv": [68, 38], "uv_size": [0.5, 0.5]},
								"east": {"uv": [66, 70], "uv_size": [0.25, 0.5]},
								"south": {"uv": [68, 40], "uv_size": [0.5, 0.5]},
								"west": {"uv": [70, 67], "uv_size": [0.25, 0.5]},
								"up": {"uv": [68, 70], "uv_size": [0.5, 0.25]},
								"down": {"uv": [70, 69.25], "uv_size": [0.5, -0.25]}
							}
						},
						{
							"origin": [-0.88, 4.25, -14.4],
							"size": [1.76, 0.5, 0.6],
							"pivot": [0, 2.25, -14.85],
							"rotation": [25, 0, 0],
							"uv": {
								"north": {"uv": [63, 44], "uv_size": [1.75, 0.5]},
								"east": {"uv": [69, 33], "uv_size": [0.5, 0.5]},
								"south": {"uv": [47, 63], "uv_size": [1.75, 0.5]},
								"west": {"uv": [35, 69], "uv_size": [0.5, 0.5]},
								"up": {"uv": [55, 63], "uv_size": [1.75, 0.5]},
								"down": {"uv": [58, 63.5], "uv_size": [1.75, -0.5]}
							}
						}
					]
				},
				{
					"name": "positioning2",
					"parent": "root",
					"pivot": [0, 0, 0]
				},
				{
					"name": "muzzle_pos",
					"parent": "positioning2",
					"pivot": [0, 3.5625, -20.75]
				},
				{
					"name": "muzzle_flash",
					"parent": "positioning2",
					"pivot": [0, 3.5625, -20]
				},
				{
					"name": "shell",
					"parent": "positioning2",
					"pivot": [-0.5, 3.25, 2.225]
				},
				{
					"name": "scope_pos",
					"parent": "positioning2",
					"pivot": [0.03, 6, -1]
				},
				{
					"name": "stock_pos",
					"parent": "positioning2",
					"pivot": [0.25, 4.5625, 10.875]
				},
				{
					"name": "grip_pos",
					"parent": "positioning2",
					"pivot": [0, 1, -7.625]
				},
				{
					"name": "camera",
					"pivot": [0, 0, -8]
				},
				{
					"name": "positioning",
					"pivot": [0, 0, -8]
				},
				{
					"name": "thirdperson_hand",
					"parent": "positioning",
					"pivot": [0, 7.625, 7.075]
				},
				{
					"name": "ground",
					"parent": "positioning",
					"pivot": [0, -3.9, 4.65]
				},
				{
					"name": "fixed",
					"parent": "positioning",
					"pivot": [3.1, 2.1, 2.225]
				},
				{
					"name": "view",
					"pivot": [0, 2, -1]
				},
				{
					"name": "iron_view",
					"parent": "view",
					"pivot": [0, 7, 12.975]
				},
				{
					"name": "idle_view",
					"parent": "view",
					"pivot": [3.1, 8.1, 22.225]
				},
				{
					"name": "refit_view",
					"parent": "view",
					"pivot": [23, 9, 0],
					"rotation": [0, 90, 0]
				},
				{
					"name": "refit_stock_view",
					"parent": "view",
					"pivot": [11, 8.2, 14],
					"rotation": [0, 90, 0]
				},
				{
					"name": "refit_muzzle_view",
					"parent": "view",
					"pivot": [11, 5.2, -24],
					"rotation": [0, 90, 0]
				},
				{
					"name": "refit_laser_view",
					"parent": "view",
					"pivot": [7, 4, -11],
					"rotation": [0, 125, 0]
				},
				{
					"name": "refit_extended_mag_view",
					"parent": "view",
					"pivot": [10, -1, -3],
					"rotation": [0, 90, 0]
				},
				{
					"name": "refit_scope_view",
					"parent": "view",
					"pivot": [8.73954, 11.5, 11.75299],
					"rotation": [0, 50, 0]
				},
				{
					"name": "refit_grip_view",
					"parent": "view",
					"pivot": [6.8, 0.4, -10],
					"rotation": [0, 90, 0]
				}
			]
		}
	]
}