{
  // 指定枪械弹药，此处我们使用默认枪包中的 7.62x39mm 步枪弹。
  "ammo": "tacz:762x39",
  // 弹容
  "ammo_amount": 15,
  "extended_mag_ammo_amount": [
    25,
    35,
    50
  ],
  // 枪栓类型。此处我们先按照 ak47 的类型填入 closed_bolt，以后再进行详细解释。
  "bolt": "closed_bolt",
  // 每分钟射出弹药量，最大不应超过 1200
  "rpm": 300,
  // 子弹实体属性
  "bullet": {
    // 寿命，单位秒
    "life": 10,
    "bullet_amount": 1,
    // 伤害
    "damage": 13,
    "extra_damage": {
      "armor_ignore": 0.25,
      "head_shot_multiplier": 2,
      "damage_adjust": [
        {"distance": 32, "damage": 16},
        {"distance": 64, "damage": 8},
        {"distance": "infinite", "damage": 5}
      ]
    },
    // 速度 m/s
    "speed": 410,
    // 重力
    "gravity": 0.15,
    // 击退效果
    "knockback": 0,
    // 飞行阻力
    "friction": 0.0125,
    // 是否点燃目标
    "ignite": false,
    // 穿透实体的最大数量
    "pierce": 2
    // 爆炸参数，用于 rpg 等爆炸性武器，如果没有填写，则弹头不会爆炸
    //"explosion": {
    //  "radius": 5
    //}
  },
  // 换弹参数
  "reload": {
    // 此处先填入 magazine，详细含义在以后解释。
    "type": "magazine",
    // 弹匣供弹完成时间，到达此时间点，服务端就更新枪内子弹数量
    // 通常对应着动画当中弹匣插入的瞬间。
    "feed": {
      // 空仓换弹
      "empty": 2.17,
      // 战术换弹
      "tactical": 1.6
    },
    // 弹匣供弹总时长（秒），到达此时间点，枪械才可以进行开火、检视等行为。
    // 通常对应着动画当中枪械回到原位的瞬间。
    "cooldown": {
      // 空仓换弹
      "empty": 2.84,
      // 战术换弹
      "tactical": 2.19
    }
  },
  // 枪械抬起的动作时长，单位秒。
  "draw_time": 0.5,
  // 收枪的动作时长，单位秒。
  "put_away_time": 0.5,
  // 瞄准时长，单位秒。
  "aim_time": 0.2,
  // 疾跑状态切换时长，单位秒。
  "sprint_time": 0.3,
  "weight": 5.85,
  "movement_speed": {
    "base": 0.0,
    "aim": -0.2,
    "reload": -0.1
  },
  // 开火模式
  "fire_mode": [
    // 全自动
    "auto",
    // 半自动
    "semi"
  ],
  // 后坐力，pitch 和yaw 分别至少需要两个关键帧
  "recoil": {
    "pitch": [
      // time 表示关键帧在时间轴上的位置，value 表示随机取值的取值范围。
      {"time": 0, "value": [0.6, 0.6]},
      {"time": 0.25, "value": [0.6, 0.6]},
      {"time": 0.45, "value": [-0.175, -0.175]},
      {"time": 0.6, "value": [0, 0]}
    ],
    "yaw": [
      {"time": 0, "value": [-0.3, -0.125]},
      {"time": 0.25, "value": [-0.3, -0.125]},
      {"time": 0.45, "value": [0, 0]}
    ]
  },
  // 不准确度
  "inaccuracy": {
    // 站立射击散布
    "stand": 1.5,
    // 移动射击散布
    "move": 2,
    // 潜行射击散布
    "sneak": 1,
    // 趴下射击散布
    "lie": 0.5,
    // 瞄准射击时散布
    "aim": 0.02
  },
  // 近战相关
  "melee": {
    // 枪械距离参数，用来延升近战攻击范围
    // 会与刺刀等配件的距离做加和
    "distance": 1,
    // 使用时的冷却时间
    "cooldown": 0.7,
    // 默认近战数据，会被配件的数据替换掉
    "default": {
      // 动画类型：没有枪托的为 melee_push，有枪托的为 melee_stock
      "animation_type": "mele_push",
      // 刺刀距离参数，枪械里还有个刺刀攻击距离参数，两者做加和
      "distance": 1,
      // 刺刀范围角度
      "range_angle": 30,
      // 伤害值
      "damage": 2,
      // 击退效果
      "knockback": 0.6,
      // 前摇时长，单位：秒
      "prep": 0.1
    }
  },
  "allow_attachment_types": [
    "scope",
    "grip",
    "muzzle",
    "extended_mag"
  ],
  "exclusive_attachments": {
  }
}